NAME_0,GID_0,irrigated,rainfed,per_irrigated,per_rainfed
Egypt,EGY,927294.3009372801,374887.6992590055,71.21080619249985,28.78919375316086
